{
    "model": "CNN (PyTorch)",
    "architecture": "Embedding -> Conv1D -> GlobalMaxPooling -> Dense -> Output",
    "hyperparameters": {
        "max_words": 10000,
        "max_len": 150,
        "embedding_dim": 128,
        "epochs_trained": 6,
        "batch_size": 32
    },
    "accuracy": 0.979372197309417,
    "precision": 0.9846153846153847,
    "recall": 0.8590604026845637,
    "f1_score": 0.9175627240143368,
    "confusion_matrix": [
        [
            964,
            2
        ],
        [
            21,
            128
        ]
    ],
    "train_samples": 4457,
    "test_samples": 1115,
    "training_history": {
        "loss": [
            0.476737571348037,
            0.13386178014001676,
            0.03910800420396429,
            0.011871554644208767,
            0.00803446138639369,
            0.012653957509870192
        ],
        "accuracy": [
            0.8804128337446713,
            0.9739735247924612,
            0.9950639443571909,
            0.99798070450976,
            0.9982050706753421,
            0.9982050706753421
        ],
        "val_loss": [
            0.1471801483737571,
            0.11680158151845847,
            0.10645498432984044,
            0.17604635283444492,
            0.1431403660464899,
            0.1385303945222404
        ],
        "val_accuracy": [
            0.95695067264574,
            0.9668161434977578,
            0.979372197309417,
            0.9695067264573991,
            0.9775784753363229,
            0.9748878923766816
        ]
    }
}