{
    "models_compared": [
        "Naive Bayes",
        "SVM",
        "CNN"
    ],
    "metrics": {
        "Model": [
            "Naive Bayes",
            "SVM",
            "CNN"
        ],
        "Accuracy": [
            0.9659192825112107,
            0.9829596412556054,
            0.979372197309417
        ],
        "Precision": [
            0.9911504424778761,
            0.9642857142857143,
            0.9846153846153847
        ],
        "Recall": [
            0.7516778523489933,
            0.9060402684563759,
            0.8590604026845637
        ],
        "F1-Score": [
            0.8549618320610688,
            0.9342560553633219,
            0.9175627240143368
        ]
    },
    "best_by_metric": {
        "Accuracy": {
            "model": "SVM",
            "value": 0.9829596412556054
        },
        "Precision": {
            "model": "Naive Bayes",
            "value": 0.9911504424778761
        },
        "Recall": {
            "model": "SVM",
            "value": 0.9060402684563759
        },
        "F1-Score": {
            "model": "SVM",
            "value": 0.9342560553633219
        }
    }
}