{
    "model": "Naive Bayes",
    "accuracy": 0.9659192825112107,
    "precision": 0.9911504424778761,
    "recall": 0.7516778523489933,
    "f1_score": 0.8549618320610688,
    "confusion_matrix": [
        [
            965,
            1
        ],
        [
            37,
            112
        ]
    ],
    "train_samples": 4457,
    "test_samples": 1115
}