{
    "model": "Support Vector Machine (SVM)",
    "kernel": "linear",
    "class_weight": "balanced",
    "accuracy": 0.9829596412556054,
    "precision": 0.9642857142857143,
    "recall": 0.9060402684563759,
    "f1_score": 0.9342560553633219,
    "confusion_matrix": [
        [
            961,
            5
        ],
        [
            14,
            135
        ]
    ],
    "train_samples": 4457,
    "test_samples": 1115
}